,success_rate,overspend,so_score
LLM-Pilot,80.0,19.859954617845506,0.800699614549604
Static policy,50.0,6.772875816993467,0.6509041127146198
PARIS,80.0,49.93055555555556,0.6159103043246129
Selecta,70.0,57.06349206349206,0.5322557976106816
PerfNetV2,30.0,0.0,0.4615384615384615
PerfNet,30.0,25.0,0.4285714285714285
RF,70.0,69.1234827264239,0.4285152318034039
Morphling,50.0,90.00000000000001,0.1666666666666665
